city_key,station,role,km
amsterdam,EHAM,settlement,0.0
amsterdam,EHRD,candidate,46.6
amsterdam,EHQS,candidate,49.5
amsterdam,EHQW,candidate,49.6
amsterdam,EHQN,candidate,50.2
amsterdam,EHLE,candidate,52.5
amsterdam,EHKD,candidate,68.0
amsterdam,EHDL,candidate,79.3
amsterdam,EHQE,candidate,79.7
ankara,LTAC,settlement,0.0
ankara,LTAB,candidate,30.5
ankara,LTAD,candidate,32.8
ankara,LTAE,candidate,36.9
ankara,LTCV,candidate,102.9
atlanta,ATL,settlement,0.0
atlanta,FTY,candidate,18.2
atlanta,HMP,candidate,28.6
atlanta,4A7,candidate,28.7
atlanta,PDK,candidate,30.2
atlanta,MGE,candidate,32.5
atlanta,FFC,candidate,32.7
atlanta,RYY,candidate,45.0
atlanta,CCO,candidate,46.8
austin,AUS,settlement,0.0
austin,ATT,candidate,17.2
austin,EDC,candidate,25.9
austin,HYI,candidate,36.8
austin,RYW,candidate,44.4
austin,5R3,candidate,44.8
austin,T74,candidate,48.9
austin,GTU,candidate,55.4
austin,BAZ,candidate,63.4
beijing,ZBAA,settlement,0.0
beijing,ZBAD,candidate,64.6
beijing,ZBTJ,candidate,124.0
buenos_aires,SAEZ,settlement,0.0
buenos_aires,SADM,candidate,18.9
buenos_aires,SADP,candidate,24.6
buenos_aires,SABE,candidate,31.2
buenos_aires,SADJ,candidate,37.3
buenos_aires,SADD,candidate,38.4
buenos_aires,SADF,candidate,41.3
buenos_aires,SADL,candidate,60.8
busan,RKPK,settlement,0.0
busan,RKPU,candidate,54.7
busan,RKPS,candidate,79.6
busan,RKTN,candidate,83.4
busan,RKTH,candidate,99.9
busan,RKJY,candidate,126.0
cape_town,FACT,settlement,0.0
cape_town,FALW,candidate,117.9
chengdu,ZUUU,settlement,0.0
chengdu,ZUGH,candidate,43.2
chengdu,ZUTF,candidate,56.4
chengdu,ZUMY,candidate,109.2
chicago,ORD,settlement,0.0
chicago,06C,candidate,14.7
chicago,PWK,candidate,18.0
chicago,MDW,candidate,24.4
chicago,DPA,candidate,26.9
chicago,CGX,candidate,29.1
chicago,LOT,candidate,41.5
chicago,ARR,candidate,50.1
chicago,UGN,candidate,52.0
chongqing,ZUCK,settlement,0.0
chongqing,ZULZ,candidate,129.0
dallas,DAL,settlement,0.0
dallas,ADS,candidate,13.6
dallas,DFW,candidate,18.2
dallas,RBD,candidate,18.7
dallas,GPM,candidate,24.6
dallas,GKY,candidate,30.5
dallas,HQZ,candidate,32.0
dallas,LNC,candidate,32.3
dallas,F46,candidate,40.0
denver,BKF,settlement,0.0
denver,DEN,candidate,16.7
denver,APA,candidate,16.9
denver,FTG,candidate,20.1
denver,CFO,candidate,20.5
denver,BJC,candidate,38.8
denver,EIK,candidate,42.6
denver,MNH,candidate,54.0
denver,BDU,candidate,55.2
guangzhou,ZGGG,settlement,0.0
guangzhou,ZGSZ,candidate,99.4
helsinki,EFHK,settlement,0.0
helsinki,EFUT,candidate,125.6
helsinki,EFTP,candidate,143.7
helsinki,EFTU,candidate,149.8
houston,HOU,settlement,0.0
houston,EFD,candidate,12.4
houston,LVJ,candidate,13.8
houston,MCJ,candidate,13.8
houston,T41,candidate,21.4
houston,AXH,candidate,23.8
houston,SGR,candidate,36.2
houston,IAH,candidate,39.3
houston,DWH,candidate,54.7
istanbul,LTFM,settlement,0.0
istanbul,LTBA,candidate,32.4
istanbul,LTBX,candidate,49.8
istanbul,LTFJ,candidate,62.5
istanbul,LTBU,candidate,70.2
istanbul,LTBP,candidate,81.0
istanbul,LTBG,candidate,123.2
istanbul,LTBQ,candidate,127.0
istanbul,LTBR,candidate,131.7
jeddah,OEJN,settlement,0.0
jeddah,OEMK,candidate,71.3
jeddah,OETF,candidate,148.4
karachi,OPKC,settlement,0.0
kuala_lumpur,WMKK,settlement,0.0
kuala_lumpur,WMSA,candidate,48.0
kuala_lumpur,WMKM,candidate,79.3
london,EGLC,settlement,0.0
london,EGKB,candidate,19.7
london,EGWU,candidate,33.1
london,EGLL,candidate,35.9
london,EGKK,candidate,43.2
london,EGSS,candidate,43.4
london,EGMC,candidate,44.9
london,EGGW,candidate,50.4
london,EGLF,candidate,62.7
los_angeles,LAX,settlement,0.0
los_angeles,SMO,candidate,10.8
los_angeles,CQT,candidate,12.9
los_angeles,TOA,candidate,15.6
los_angeles,LGB,candidate,26.2
los_angeles,BUR,candidate,29.3
los_angeles,VNY,candidate,31.6
los_angeles,SLI,candidate,35.0
los_angeles,WHP,candidate,35.8
lucknow,VILK,settlement,0.0
lucknow,VERB,candidate,74.0
madrid,LEMD,settlement,0.0
madrid,LEVS,candidate,22.1
madrid,LEGT,candidate,23.3
madrid,LECV,candidate,31.2
manila,RPLL,settlement,0.0
manila,RPLB,candidate,85.1
manila,RPLC,candidate,87.1
manila,RPLV,candidate,103.6
mexico_city,MMMX,settlement,0.0
mexico_city,MMSM,candidate,35.9
mexico_city,MMTO,candidate,53.0
mexico_city,MMCB,candidate,62.8
mexico_city,MMTL,candidate,103.9
mexico_city,MMPB,candidate,104.3
miami,MIA,settlement,0.0
miami,OPF,candidate,14.0
miami,MBF,candidate,18.5
miami,TMB,candidate,20.0
miami,HWO,candidate,24.7
miami,HST,candidate,34.0
miami,FLL,candidate,35.8
miami,FXE,candidate,48.1
miami,K70,candidate,51.7
milan,LIMC,settlement,0.0
milan,LIMN,candidate,11.9
milan,LIML,candidate,46.0
milan,LIME,candidate,76.1
milan,LIMH,candidate,85.8
milan,LIMF,candidate,96.3
milan,LIMK,candidate,102.0
milan,LIMW,candidate,105.9
milan,LIMA,candidate,106.3
moscow,UUWW,settlement,0.0
moscow,UUMO,candidate,17.8
moscow,UUEE,candidate,43.4
moscow,UUDD,candidate,45.4
moscow,UUBW,candidate,56.0
moscow,UUBC,candidate,128.7
munich,EDDM,settlement,0.0
munich,ETSE,candidate,11.1
munich,ETSI,candidate,44.6
munich,EDMO,candidate,49.7
munich,ETSN,candidate,58.9
munich,EDMA,candidate,64.4
munich,ETSA,candidate,73.3
munich,ETSL,candidate,73.5
munich,ETHA,candidate,90.6
nyc,LGA,settlement,0.0
nyc,JRB,candidate,13.9
nyc,TEB,candidate,17.2
nyc,JFK,candidate,18.6
nyc,EWR,candidate,26.6
nyc,HPN,candidate,35.1
nyc,CDW,candidate,35.6
nyc,LDJ,candidate,35.6
nyc,FRG,candidate,39.7
panama_city,MPMG,settlement,0.0
panama_city,MPPA,candidate,11.9
panama_city,MPTO,candidate,18.1
panama_city,MPEJ,candidate,56.6
panama_city,MPVR,candidate,69.5
panama_city,MPSM,candidate,95.1
panama_city,MPCE,candidate,148.0
paris,LFPB,settlement,0.0
paris,LFPV,candidate,27.1
paris,LFPO,candidate,28.0
paris,LFPT,candidate,31.6
paris,LFPC,candidate,32.4
paris,LFPN,candidate,33.3
paris,LFPM,candidate,43.8
paris,LFOB,candidate,57.6
paris,LFOE,candidate,88.2
qingdao,ZSQD,settlement,0.0
qingdao,ZSWF,candidate,126.4
san_francisco,SFO,settlement,0.0
san_francisco,HAF,candidate,16.1
san_francisco,SQL,candidate,16.3
san_francisco,OAK,candidate,16.6
san_francisco,HWD,candidate,22.8
san_francisco,PAO,candidate,28.9
san_francisco,NUQ,candidate,37.3
san_francisco,SJC,candidate,49.1
san_francisco,LVK,candidate,50.0
sao_paulo,SBGR,settlement,0.0
sao_paulo,SBMT,candidate,19.2
sao_paulo,SBSP,candidate,28.8
sao_paulo,SBJD,candidate,55.9
sao_paulo,SBST,candidate,57.9
sao_paulo,SBSJ,candidate,66.1
sao_paulo,SBRQ,candidate,66.7
sao_paulo,SBKP,candidate,82.8
sao_paulo,SBTA,candidate,103.2
seattle,SEA,settlement,0.0
seattle,TIW,candidate,27.9
seattle,PWT,candidate,34.2
seattle,TCM,candidate,36.3
seattle,PLU,candidate,38.0
seattle,GRF,candidate,45.2
seattle,PAE,candidate,51.5
seattle,SHN,candidate,67.0
seattle,OLM,candidate,68.7
seoul,RKSI,settlement,0.0
seoul,RKSS,candidate,31.7
seoul,RKSV,candidate,35.2
seoul,RKSF,candidate,46.2
seoul,RKSY,candidate,46.8
seoul,RKSW,candidate,55.3
seoul,RKSM,candidate,58.6
seoul,RKTB,candidate,61.3
seoul,RKSO,candidate,66.2
shanghai,ZSPD,settlement,0.0
shanghai,ZSSS,candidate,41.9
shanghai,ZSNT,candidate,132.5
shanghai,ZSWX,candidate,133.8
shanghai,ZSZS,candidate,143.3
shanghai,ZSNB,candidate,146.4
shenzhen,ZGSZ,settlement,0.0
shenzhen,ZGSD,candidate,82.4
shenzhen,ZGGG,candidate,99.4
singapore,WSSS,settlement,0.0
singapore,WSSL,candidate,16.7
singapore,WMKJ,candidate,46.3
singapore,WMAU,candidate,121.6
tel_aviv,LLBG,settlement,0.0
tel_aviv,LLSD,candidate,15.1
tel_aviv,LLHA,candidate,89.9
tel_aviv,LLIB,candidate,125.5
tokyo,RJTT,settlement,0.0
tokyo,RJTI,candidate,10.6
tokyo,RJTK,candidate,20.8
tokyo,RJAI,candidate,23.5
tokyo,RJTF,candidate,26.4
tokyo,RJTX,candidate,30.7
tokyo,RJTA,candidate,31.9
tokyo,RJTL,candidate,34.4
tokyo,RJTR,candidate,35.3
toronto,CYYZ,settlement,0.0
toronto,CXTO,candidate,17.1
toronto,CYTZ,candidate,19.7
toronto,CYKZ,candidate,29.9
toronto,CWWB,candidate,43.9
toronto,CXHM,candidate,48.8
toronto,CXVN,candidate,58.0
toronto,CWWZ,candidate,58.1
toronto,CYHM,candidate,61.3
warsaw,EPWA,settlement,0.0
warsaw,EPMO,candidate,38.3
warsaw,EPRA,candidate,87.8
warsaw,EPLL,candidate,117.7
warsaw,EPSY,candidate,146.7
wellington,NZWN,settlement,0.0
wuhan,ZHHH,settlement,0.0
wuhan,ZHEC,candidate,91.5
zhengzhou,ZHCC,settlement,0.0
zhengzhou,ZHLY,candidate,115.4
